{"stats":{"minecraft:used":{"minecraft:netherite_sword":1,"minecraft:dark_oak_log":1,"minecraft:sugar_cane":5},"minecraft:custom":{"minecraft:time_since_rest":24046,"minecraft:damage_dealt":60,"minecraft:damage_taken":50,"minecraft:crouch_one_cm":421,"minecraft:leave_game":3,"minecraft:play_time":24046,"minecraft:sprint_one_cm":16928,"minecraft:time_since_death":24046,"minecraft:walk_on_water_one_cm":695,"minecraft:walk_one_cm":25994,"minecraft:sneak_time":169,"minecraft:total_world_time":24046,"minecraft:mob_kills":1,"minecraft:fall_one_cm":3376,"minecraft:fly_one_cm":95655,"minecraft:jump":93},"minecraft:picked_up":{"minecraft:rotten_flesh":2},"minecraft:killed":{"minecraft:zombie":1}},"DataVersion":3955}